{
  "Lambda": 12,
  "p": 1.5,
  "eta": 0.02,
  "alpha": 0.1804,
  "eps": 0.1,
  "kB": 14.882615345949157,
  "c_damp": 0.8,
  "min_d": -0.027599413811161544,
  "conv_rate": 0.75,
  "t_goal_mean": 17.083333333333336,
  "overshoot_mean": 0.00196362537666595,
  "curv95_mean": 432.17045397551544,
  "bndry_comp": 0.18344907407407407
}