{
  "Lambda": 12,
  "p": 1.5,
  "eta": 0.02,
  "alpha": 0.1804,
  "eps": 0.1,
  "kB": 14.882615345949157,
  "c_damp": 0.8,
  "min_d": -0.015490075913057011,
  "conv_rate": 0.4,
  "t_goal_mean": 18.700000000000003,
  "overshoot_mean": 0.00011810803021797928,
  "curv95_mean": 197.50075048328696,
  "bndry_comp": 0.18344907407407407
}