{
  "alpha": 0.8,
  "p": 2.5,
  "eps": 0.08,
  "kB": 0.6,
  "c_damp": 1.2,
  "min_d": 0.09632579905933691,
  "conv_rate": 1.0,
  "t_goal_mean": 15.080000000000002,
  "overshoot_mean": 0.0002614453998332934,
  "curv95_mean": 597.2906668148478,
  "bndry_comp": 0.21481481481481482
}