{
  "alpha": 0.8,
  "p": 2.5,
  "eps": 0.08,
  "kB": 0.6,
  "c_damp": 1.2,
  "min_d": 0.07921030210088731,
  "conv_rate": 0.5,
  "t_goal_mean": 19.075000000000003,
  "overshoot_mean": 0.002113738534740719,
  "curv95_mean": 367.66359158531407,
  "bndry_comp": 0.21354166666666669
}